user_id,entry_id,username,category,note,created_at
8102529978,10,SantaiiBro,betting,"Deposit 400,000 for account 215 and withdraw 200,000 for account 567 #betting",2025-09-01T08:30:16.356348
8102529978,9,SantaiiBro,companybet,"deposit 200,000 account 215 and deposit 2 for 00,000 account TWW #companybet",2025-09-01T07:58:15.757116
8102529978,8,SantaiiBro,,"deposit 200,000 account 215 and deposit 2 for 00,000 account TWW",2025-09-01T07:57:42.786348
8102529978,7,SantaiiBro,,"200,000 + 200,000",2025-09-01T07:56:32.662144
8102529978,6,SantaiiBro,betting,"deposit 200,000 for 125 #betting",2025-09-01T07:50:21.075307
1100543921,2,nybrostouch,,hi,2025-09-01T04:36:56.207165
1100543921,1,nybrostouch,,welcome new user,2025-08-31T11:28:26.697071
8102529978,5,SantaiiBro,,touch touch,2025-08-31T11:23:25.149838
1063891149,1,xie_liu,,hi,2025-08-31T11:14:39.256835
8102529978,4,SantaiiBro,,2849+ 3802,2025-08-31T11:13:50.704076
8102529978,3,SantaiiBro,,20000 + 20000,2025-08-31T11:13:35.386529
8102529978,2,SantaiiBro,,Akash dd,2025-08-31T11:05:54.125151
8102529978,1,SantaiiBro,,js hide dd,2025-08-31T11:05:26.617217
